{
	 "__metadata__": {
		 "format": "assimp2json"
		,"version": 100
	}
	,"rootnode": {
		 "name": "house.obj"
		,"transformation": [
			 1
			,0
			,0
			,0
			,0
			,1
			,0
			,0
			,0
			,0
			,1
			,0
			,0
			,0
			,0
			,1
		]
		,"children": [
			{
				 "name": "house_Cube.002"
				,"transformation": [
					 1
					,0
					,0
					,0
					,0
					,1
					,0
					,0
					,0
					,0
					,1
					,0
					,0
					,0
					,0
					,1
				]
				,"meshes": [
					 0
				]
			}
		]
	}
	,"flags": 8
	,"meshes": [
		{
			 "name": ""
			,"materialindex": 0
			,"primitivetypes": 4
			,"vertices": [
				 0.959828
				,2.75458
				,-1.62647
				,0.9593
				,3.45444
				,-1.61245
				,1.74859
				,3.47794
				,-2.7551
				,1.74911
				,2.77808
				,-2.76912
				,1.74911
				,2.77808
				,-2.76912
				,1.74859
				,3.47794
				,-2.7551
				,3.0077
				,3.46146
				,-1.8857
				,3.00823
				,2.7616
				,-1.89973
				,3.00823
				,2.7616
				,-1.89973
				,3.0077
				,3.46146
				,-1.8857
				,2.21842
				,3.43796
				,-0.743048
				,2.21895
				,2.7381
				,-0.757076
				,2.21895
				,2.7381
				,-0.757076
				,2.21842
				,3.43796
				,-0.743048
				,0.9593
				,3.45444
				,-1.61245
				,0.959828
				,2.75458
				,-1.62647
				,1.74911
				,2.77808
				,-2.76912
				,3.00823
				,2.7616
				,-1.89973
				,2.21895
				,2.7381
				,-0.757076
				,0.959828
				,2.75458
				,-1.62647
				,3.0077
				,3.46146
				,-1.8857
				,1.74859
				,3.47794
				,-2.7551
				,0.9593
				,3.45444
				,-1.61245
				,2.21842
				,3.43796
				,-0.743048
				,1.49492
				,3.77568
				,-1.03546
				,2.31802
				,3.43264
				,-0.473957
				,3.29318
				,3.46167
				,-1.8857
				,2.47009
				,3.80471
				,-2.4472
				,1.49492
				,3.77568
				,-1.03546
				,2.47009
				,3.80471
				,-2.4472
				,1.64749
				,3.48321
				,-3.02202
				,0.672326
				,3.45418
				,-1.61028
				,3.29318
				,3.46167
				,-1.8857
				,2.31802
				,3.43264
				,-0.473957
				,0.672326
				,3.45418
				,-1.61028
				,1.64749
				,3.48321
				,-3.02202
				,2.31802
				,3.43264
				,-0.473957
				,1.49492
				,3.77568
				,-1.03546
				,0.672326
				,3.45418
				,-1.61028
				,2.47009
				,3.80471
				,-2.4472
				,3.29318
				,3.46167
				,-1.8857
				,1.64749
				,3.48321
				,-3.02202
			]
			,"normals": [
				 -0.8228
				,0.0108
				,-0.5682
				,-0.8228
				,0.0108
				,-0.5682
				,-0.8228
				,0.0108
				,-0.5682
				,-0.8228
				,0.0108
				,-0.5682
				,0.5683
				,0.0169
				,-0.8227
				,0.5683
				,0.0169
				,-0.8227
				,0.5683
				,0.0169
				,-0.8227
				,0.5683
				,0.0169
				,-0.8227
				,0.8228
				,-0.0108
				,0.5682
				,0.8228
				,-0.0108
				,0.5682
				,0.8228
				,-0.0108
				,0.5682
				,0.8228
				,-0.0108
				,0.5682
				,-0.5683
				,-0.0169
				,0.8227
				,-0.5683
				,-0.0169
				,0.8227
				,-0.5683
				,-0.0169
				,0.8227
				,-0.5683
				,-0.0169
				,0.8227
				,0.0008
				,-0.9998
				,-0.02
				,0.0008
				,-0.9998
				,-0.02
				,0.0008
				,-0.9998
				,-0.02
				,0.0008
				,-0.9998
				,-0.02
				,-0.0008
				,0.9998
				,0.02
				,-0.0008
				,0.9998
				,0.02
				,-0.0008
				,0.9998
				,0.02
				,-0.0008
				,0.9998
				,0.02
				,0.2588
				,0.9454
				,0.1982
				,0.2588
				,0.9454
				,0.1982
				,0.2588
				,0.9454
				,0.1982
				,0.2588
				,0.9454
				,0.1982
				,-0.2602
				,0.9522
				,-0.1602
				,-0.2602
				,0.9522
				,-0.1602
				,-0.2602
				,0.9522
				,-0.1602
				,-0.2602
				,0.9522
				,-0.1602
				,0.0008
				,-0.9998
				,-0.02
				,0.0008
				,-0.9998
				,-0.02
				,0.0008
				,-0.9998
				,-0.02
				,0.0008
				,-0.9998
				,-0.02
				,-0.5683
				,-0.0169
				,0.8227
				,-0.5683
				,-0.0169
				,0.8227
				,-0.5683
				,-0.0169
				,0.8227
				,0.5683
				,0.0169
				,-0.8227
				,0.5683
				,0.0169
				,-0.8227
				,0.5683
				,0.0169
				,-0.8227
			]
			,"faces": [
				[
					 0
					,1
					,2
				]
				,[
					 0
					,2
					,3
				]
				,[
					 4
					,5
					,6
				]
				,[
					 4
					,6
					,7
				]
				,[
					 8
					,9
					,10
				]
				,[
					 8
					,10
					,11
				]
				,[
					 12
					,13
					,14
				]
				,[
					 12
					,14
					,15
				]
				,[
					 16
					,17
					,18
				]
				,[
					 16
					,18
					,19
				]
				,[
					 20
					,21
					,22
				]
				,[
					 20
					,22
					,23
				]
				,[
					 24
					,25
					,26
				]
				,[
					 24
					,26
					,27
				]
				,[
					 28
					,29
					,30
				]
				,[
					 28
					,30
					,31
				]
				,[
					 32
					,33
					,34
				]
				,[
					 32
					,34
					,35
				]
				,[
					 36
					,37
					,38
				]
				,[
					 39
					,40
					,41
				]
			]
		}
	]
	,"materials": [
		{
			 "properties": [
				{
					 "key": "?mat.name"
					,"semantic": 0
					,"index": 0
					,"type": 3
					,"value": "None"
				}
				,{
					 "key": "$mat.shadingm"
					,"semantic": 0
					,"index": 0
					,"type": 4
					,"value": 3
				}
				,{
					 "key": "$clr.ambient"
					,"semantic": 0
					,"index": 0
					,"type": 1
					,"value": [
						 0
						,0
						,0
					]
				}
				,{
					 "key": "$clr.diffuse"
					,"semantic": 0
					,"index": 0
					,"type": 1
					,"value": [
						 0.8
						,0.8
						,0.8
					]
				}
				,{
					 "key": "$clr.specular"
					,"semantic": 0
					,"index": 0
					,"type": 1
					,"value": [
						 0.8
						,0.8
						,0.8
					]
				}
				,{
					 "key": "$clr.emissive"
					,"semantic": 0
					,"index": 0
					,"type": 1
					,"value": [
						 0
						,0
						,0
					]
				}
				,{
					 "key": "$mat.shininess"
					,"semantic": 0
					,"index": 0
					,"type": 1
					,"value": 0
				}
				,{
					 "key": "$mat.opacity"
					,"semantic": 0
					,"index": 0
					,"type": 1
					,"value": 1
				}
				,{
					 "key": "$mat.refracti"
					,"semantic": 0
					,"index": 0
					,"type": 1
					,"value": 1
				}
			]
		}
	]
}
