{
	 "__metadata__": {
		 "format": "assimp2json"
		,"version": 100
	}
	,"rootnode": {
		 "name": "roof.obj"
		,"transformation": [
			 1
			,0
			,0
			,0
			,0
			,1
			,0
			,0
			,0
			,0
			,1
			,0
			,0
			,0
			,0
			,1
		]
		,"children": [
			{
				 "name": "roof_Circle.000"
				,"transformation": [
					 1
					,0
					,0
					,0
					,0
					,1
					,0
					,0
					,0
					,0
					,1
					,0
					,0
					,0
					,0
					,1
				]
				,"meshes": [
					 0
				]
			}
		]
	}
	,"flags": 8
	,"meshes": [
		{
			 "name": ""
			,"materialindex": 0
			,"primitivetypes": 4
			,"vertices": [
				 -1.36949
				,7.96287
				,-3.01045
				,-1.55469
				,7.96111
				,-3.26535
				,-0.877206
				,7.96111
				,-3.48548
				,-0.877206
				,7.96287
				,-3.1704
				,-0.080668
				,7.96287
				,-2.59169
				,0.218989
				,7.96111
				,-2.68905
				,0.218989
				,7.96111
				,-1.9767
				,-0.080668
				,7.96287
				,-2.07406
				,-0.877206
				,7.96287
				,-1.49534
				,-0.877206
				,7.96111
				,-1.18026
				,-1.55469
				,7.96111
				,-1.40039
				,-1.36949
				,7.96287
				,-1.6553
				,-1.67374
				,7.96287
				,-2.59169
				,-1.9734
				,7.96111
				,-2.68905
				,-1.55469
				,7.96111
				,-3.26535
				,-1.36949
				,7.96287
				,-3.01045
				,-0.384919
				,7.96287
				,-3.01045
				,-0.19972
				,7.96111
				,-3.26535
				,0.218989
				,7.96111
				,-2.68905
				,-0.080668
				,7.96287
				,-2.59169
				,-0.384919
				,7.96287
				,-1.6553
				,-0.19972
				,7.96111
				,-1.40039
				,-0.877206
				,7.96111
				,-1.18026
				,-0.877206
				,7.96287
				,-1.49534
				,-1.67374
				,7.96287
				,-2.07406
				,-1.9734
				,7.96111
				,-1.9767
				,-1.9734
				,7.96111
				,-2.68905
				,-1.67374
				,7.96287
				,-2.59169
				,-0.877206
				,7.96287
				,-3.1704
				,-0.877206
				,7.96111
				,-3.48548
				,-0.19972
				,7.96111
				,-3.26535
				,-0.384919
				,7.96287
				,-3.01045
				,-0.080668
				,7.96287
				,-2.07406
				,0.218989
				,7.96111
				,-1.9767
				,-0.19972
				,7.96111
				,-1.40039
				,-0.384919
				,7.96287
				,-1.6553
				,-1.36949
				,7.96287
				,-1.6553
				,-1.55469
				,7.96111
				,-1.40039
				,-1.9734
				,7.96111
				,-1.9767
				,-1.67374
				,7.96287
				,-2.07406
				,-0.87799
				,8.55705
				,-2.33179
				,-0.877206
				,7.96111
				,-3.48548
				,-1.55469
				,7.96111
				,-3.26535
				,-0.87799
				,8.55705
				,-2.33179
				,-1.55469
				,7.96111
				,-3.26535
				,-1.9734
				,7.96111
				,-2.68905
				,-0.87799
				,8.55705
				,-2.33179
				,-1.9734
				,7.96111
				,-2.68905
				,-1.9734
				,7.96111
				,-1.9767
				,-0.87799
				,8.55705
				,-2.33179
				,-1.9734
				,7.96111
				,-1.9767
				,-1.55469
				,7.96111
				,-1.40039
				,-0.87799
				,8.55705
				,-2.33179
				,-1.55469
				,7.96111
				,-1.40039
				,-0.877206
				,7.96111
				,-1.18026
				,-0.87799
				,8.55705
				,-2.33179
				,-0.877206
				,7.96111
				,-1.18026
				,-0.19972
				,7.96111
				,-1.40039
				,-0.87799
				,8.55705
				,-2.33179
				,-0.19972
				,7.96111
				,-1.40039
				,0.218989
				,7.96111
				,-1.9767
				,-0.87799
				,8.55705
				,-2.33179
				,0.218989
				,7.96111
				,-1.9767
				,0.218989
				,7.96111
				,-2.68905
				,-0.87799
				,8.55705
				,-2.33179
				,0.218989
				,7.96111
				,-2.68905
				,-0.19972
				,7.96111
				,-3.26535
				,-0.87799
				,8.55705
				,-2.33179
				,-0.19972
				,7.96111
				,-3.26535
				,-0.877206
				,7.96111
				,-3.48548
			]
			,"normals": [
				 0.0018
				,-1
				,0.0056
				,0.0018
				,-1
				,0.0056
				,0.0018
				,-1
				,0.0056
				,0.0018
				,-1
				,0.0056
				,-0.0059
				,-1
				,0
				,-0.0059
				,-1
				,0
				,-0.0059
				,-1
				,0
				,-0.0059
				,-1
				,0
				,0.0018
				,-1
				,-0.0056
				,0.0018
				,-1
				,-0.0056
				,0.0018
				,-1
				,-0.0056
				,0.0018
				,-1
				,-0.0056
				,0.0047
				,-1
				,0.0035
				,0.0047
				,-1
				,0.0035
				,0.0047
				,-1
				,0.0035
				,0.0047
				,-1
				,0.0035
				,-0.0047
				,-1
				,0.0035
				,-0.0047
				,-1
				,0.0035
				,-0.0047
				,-1
				,0.0035
				,-0.0047
				,-1
				,0.0035
				,-0.0018
				,-1
				,-0.0056
				,-0.0018
				,-1
				,-0.0056
				,-0.0018
				,-1
				,-0.0056
				,-0.0018
				,-1
				,-0.0056
				,0.0059
				,-1
				,0
				,0.0059
				,-1
				,0
				,0.0059
				,-1
				,0
				,0.0059
				,-1
				,0
				,-0.0018
				,-1
				,0.0056
				,-0.0018
				,-1
				,0.0056
				,-0.0018
				,-1
				,0.0056
				,-0.0018
				,-1
				,0.0056
				,-0.0047
				,-1
				,-0.0034
				,-0.0047
				,-1
				,-0.0034
				,-0.0047
				,-1
				,-0.0034
				,-0.0047
				,-1
				,-0.0034
				,0.0047
				,-1
				,-0.0035
				,0.0047
				,-1
				,-0.0035
				,0.0047
				,-1
				,-0.0035
				,0.0047
				,-1
				,-0.0035
				,-0.1475
				,0.8787
				,-0.454
				,-0.1475
				,0.8787
				,-0.454
				,-0.1475
				,0.8787
				,-0.454
				,-0.3864
				,0.8786
				,-0.2807
				,-0.3864
				,0.8786
				,-0.2807
				,-0.3864
				,0.8786
				,-0.2807
				,-0.4779
				,0.8784
				,0
				,-0.4779
				,0.8784
				,0
				,-0.4779
				,0.8784
				,0
				,-0.3867
				,0.8783
				,0.281
				,-0.3867
				,0.8783
				,0.281
				,-0.3867
				,0.8783
				,0.281
				,-0.1477
				,0.8783
				,0.4547
				,-0.1477
				,0.8783
				,0.4547
				,-0.1477
				,0.8783
				,0.4547
				,0.1477
				,0.8784
				,0.4545
				,0.1477
				,0.8784
				,0.4545
				,0.1477
				,0.8784
				,0.4545
				,0.3864
				,0.8786
				,0.2807
				,0.3864
				,0.8786
				,0.2807
				,0.3864
				,0.8786
				,0.2807
				,0.4774
				,0.8787
				,0
				,0.4774
				,0.8787
				,0
				,0.4774
				,0.8787
				,0
				,0.3861
				,0.8788
				,-0.2805
				,0.3861
				,0.8788
				,-0.2805
				,0.3861
				,0.8788
				,-0.2805
				,0.1475
				,0.8788
				,-0.4538
				,0.1475
				,0.8788
				,-0.4538
				,0.1475
				,0.8788
				,-0.4538
			]
			,"faces": [
				[
					 0
					,1
					,2
				]
				,[
					 0
					,2
					,3
				]
				,[
					 4
					,5
					,6
				]
				,[
					 4
					,6
					,7
				]
				,[
					 8
					,9
					,10
				]
				,[
					 8
					,10
					,11
				]
				,[
					 12
					,13
					,14
				]
				,[
					 12
					,14
					,15
				]
				,[
					 16
					,17
					,18
				]
				,[
					 16
					,18
					,19
				]
				,[
					 20
					,21
					,22
				]
				,[
					 20
					,22
					,23
				]
				,[
					 24
					,25
					,26
				]
				,[
					 24
					,26
					,27
				]
				,[
					 28
					,29
					,30
				]
				,[
					 28
					,30
					,31
				]
				,[
					 32
					,33
					,34
				]
				,[
					 32
					,34
					,35
				]
				,[
					 36
					,37
					,38
				]
				,[
					 36
					,38
					,39
				]
				,[
					 40
					,41
					,42
				]
				,[
					 43
					,44
					,45
				]
				,[
					 46
					,47
					,48
				]
				,[
					 49
					,50
					,51
				]
				,[
					 52
					,53
					,54
				]
				,[
					 55
					,56
					,57
				]
				,[
					 58
					,59
					,60
				]
				,[
					 61
					,62
					,63
				]
				,[
					 64
					,65
					,66
				]
				,[
					 67
					,68
					,69
				]
			]
		}
	]
	,"materials": [
		{
			 "properties": [
				{
					 "key": "?mat.name"
					,"semantic": 0
					,"index": 0
					,"type": 3
					,"value": "None"
				}
				,{
					 "key": "$mat.shadingm"
					,"semantic": 0
					,"index": 0
					,"type": 4
					,"value": 3
				}
				,{
					 "key": "$clr.ambient"
					,"semantic": 0
					,"index": 0
					,"type": 1
					,"value": [
						 0
						,0
						,0
					]
				}
				,{
					 "key": "$clr.diffuse"
					,"semantic": 0
					,"index": 0
					,"type": 1
					,"value": [
						 0.8
						,0.8
						,0.8
					]
				}
				,{
					 "key": "$clr.specular"
					,"semantic": 0
					,"index": 0
					,"type": 1
					,"value": [
						 0.8
						,0.8
						,0.8
					]
				}
				,{
					 "key": "$clr.emissive"
					,"semantic": 0
					,"index": 0
					,"type": 1
					,"value": [
						 0
						,0
						,0
					]
				}
				,{
					 "key": "$mat.shininess"
					,"semantic": 0
					,"index": 0
					,