{
	 "__metadata__": {
		 "format": "assimp2json"
		,"version": 100
	}
	,"rootnode": {
		 "name": "turbine.obj"
		,"transformation": [
			 1
			,0
			,0
			,0
			,0
			,1
			,0
			,0
			,0
			,0
			,1
			,0
			,0
			,0
			,0
			,1
		]
		,"children": [
			{
				 "name": "Cube"
				,"transformation": [
					 1
					,0
					,0
					,0
					,0
					,1
					,0
					,0
					,0
					,0
					,1
					,0
					,0
					,0
					,0
					,1
				]
				,"meshes": [
					 0
				]
			}
		]
	}
	,"flags": 8
	,"meshes": [
		{
			 "name": ""
			,"materialindex": 0
			,"primitivetypes": 4
			,"vertices": [
				 -0.311872
				,7.89206
				,1.84807
				,-0.311872
				,8.27541
				,1.84807
				,-0.311872
				,8.27541
				,1.67732
				,-0.311872
				,7.89206
				,1.67732
				,-0.311872
				,7.89206
				,1.67732
				,-0.311872
				,8.27541
				,1.67732
				,2.02757
				,8.17643
				,1.7879
				,2.02791
				,8.00406
				,1.71246
				,2.02791
				,8.00406
				,1.71246
				,2.02757
				,8.17643
				,1.7879
				,2.02422
				,8.1632
				,1.81811
				,2.02456
				,7.99083
				,1.74267
				,2.02456
				,7.99083
				,1.74267
				,2.02422
				,8.1632
				,1.81811
				,-0.311872
				,8.27541
				,1.84807
				,-0.311872
				,7.89206
				,1.84807
				,-0.311872
				,7.89206
				,1.67732
				,2.02791
				,8.00406
				,1.71246
				,2.02456
				,7.99083
				,1.74267
				,-0.311872
				,7.89206
				,1.84807
				,2.02757
				,8.17643
				,1.7879
				,-0.311872
				,8.27541
				,1.67732
				,-0.311872
				,8.27541
				,1.84807
				,2.02422
				,8.1632
				,1.81811
				,-0.303141
				,8.27475
				,1.84807
				,-0.635136
				,8.08307
				,1.84807
				,-0.635136
				,8.08307
				,1.67732
				,-0.303141
				,8.27475
				,1.67732
				,-0.303141
				,8.27475
				,1.67732
				,-0.635136
				,8.08307
				,1.67732
				,-1.71913
				,10.1586
				,1.7879
				,-1.57003
				,10.2451
				,1.71246
				,-1.57003
				,10.2451
				,1.71246
				,-1.71913
				,10.1586
				,1.7879
				,-1.706
				,10.1623
				,1.81811
				,-1.5569
				,10.2488
				,1.74268
				,-1.5569
				,10.2488
				,1.74268
				,-1.706
				,10.1623
				,1.81811
				,-0.635136
				,8.08307
				,1.84807
				,-0.303141
				,8.27475
				,1.84807
				,-0.303141
				,8.27475
				,1.67732
				,-1.57003
				,10.2451
				,1.71246
				,-1.5569
				,10.2488
				,1.74268
				,-0.303141
				,8.27475
				,1.84807
				,-1.71913
				,10.1586
				,1.7879
				,-0.635136
				,8.08307
				,1.67732
				,-0.635136
				,8.08307
				,1.84807
				,-1.706
				,10.1623
				,1.81811
				,-0.638928
				,8.09097
				,1.84807
				,-0.306934
				,7.89929
				,1.84807
				,-0.306934
				,7.89929
				,1.67732
				,-0.638928
				,8.09097
				,1.67732
				,-0.638928
				,8.09097
				,1.67732
				,-0.306934
				,7.89929
				,1.67732
				,-1.56238
				,5.92277
				,1.7879
				,-1.71183
				,6.00865
				,1.71246
				,-1.71183
				,6.00865
				,1.71246
				,-1.56238
				,5.92277
				,1.7879
				,-1.57216
				,5.93228
				,1.81811
				,-1.72161
				,6.01817
				,1.74268
				,-1.72161
				,6.01817
				,1.74268
				,-1.57216
				,5.93228
				,1.81811
				,-0.306934
				,7.89929
				,1.84807
				,-0.638928
				,8.09097
				,1.84807
				,-0.638928
				,8.09097
				,1.67732
				,-1.71183
				,6.00865
				,1.71246
				,-1.72161
				,6.01817
				,1.74268
				,-0.638928
				,8.09097
				,1.84807
				,-1.56238
				,5.92277
				,1.7879
				,-0.306934
				,7.89929
				,1.67732
				,-0.306934
				,7.89929
				,1.84807
				,-1.57216
				,5.93228
				,1.81811
				,2.02791
				,8.00406
				,1.71246
				,2.02791
				,8.00406
				,1.71246
				,2.02422
				,8.1632
				,1.81811
				,2.02456
				,7.99083
				,1.74268
				,2.02456
				,7.99083
				,1.74268
				,2.02422
				,8.1632
				,1.81811
				,2.02791
				,8.00406
				,1.71246
				,2.02456
				,7.99083
				,1.74268
				,2.02422
				,8.1632
				,1.81811
			]
			,"normals": [
				 -1
				,0
				,0
				,-1
				,0
				,0
				,-1
				,0
				,0
				,-1
				,0
				,0
				,0.0305
				,0.1345
				,-0.9905
				,0.0305
				,0.1345
				,-0.9905
				,0.0305
				,0.1345
				,-0.9905
				,0.0305
				,0.1345
				,-0.9905
				,0.9949
				,-0.0388
				,0.0933
				,0.9949
				,-0.0388
				,0.0933
				,0.9949
				,-0.0388
				,0.0933
				,0.9949
				,-0.0388
				,0.0933
				,0.0283
				,-0.1344
				,0.9905
				,0.0283
				,-0.1344
				,0.9905
				,0.0283
				,-0.1344
				,0.9905
				,0.0283
				,-0.1344
				,0.9905
				,0.044
				,-0.9969
				,-0.0649
				,0.044
				,-0.9969
				,-0.0649
				,0.044
				,-0.9969
				,-0.0649
				,0.044
				,-0.9969
				,-0.0649
				,0.0439
				,0.9968
				,0.0664
				,0.0439
				,0.9968
				,0.0664
				,0.0439
				,0.9968
				,0.0664
				,0.0439
				,0.9968
				,0.0664
				,0.5
				,-0.866
				,0
				,0.5
				,-0.866
				,0
				,0.5
				,-0.866
				,0
				,0.5
				,-0.866
				,0
				,-0.1317
				,-0.0408
				,-0.9905
				,-0.1317
				,-0.0408
				,-0.9905
				,-0.1317
				,-0.0408
				,-0.9905
				,-0.1317
				,-0.0408
				,-0.9905
				,-0.4638
				,0.881
				,0.0932
				,-0.4638
				,0.881
				,0.0932
				,-0.4638
				,0.881
				,0.0932
				,-0.4638
				,0.881
				,0.0932
				,0.1023
				,0.0917
				,0.9905
				,0.1023
				,0.0917
				,0.9905
				,0.1023
				,0.0917
				,0.9905
				,0.1023
				,0.0917
				,0.9905
				,0.8414
				,0.5365
				,-0.0649
				,0.8414
				,0.5365
				,-0.0649
				,0.8414
				,0.5365
				,-0.0649
				,0.8414
				,0.5365
				,-0.0649
				,-0.8852
				,-0.4604
				,0.0663
				,-0.8852
				,-0.4604
				,0.0663
				,-0.8852
				,-0.4604
				,0.0663
				,-0.8852
				,-0.4604
				,0.0663
				,0.5
				,0.866
				,0
				,0.5
				,0.866
				,0
				,0.5
				,0.866
				,0
				,0.5
				,0.866
				,0
				,0.1012
				,-0.0936
				,-0.9905
				,0.1012
				,-0.0936
				,-0.9905
				,0.1012
				,-0.0936
				,-0.9905
				,0.1012
				,-0.0936
				,-0.9905
				,-0.5311
				,-0.8422
				,0.0933
				,-0.5311
				,-0.8422
				,0.0933
				,-0.5311
				,-0.8422
				,0.0933
				,-0.5311
				,-0.8422
				,0.0933
				,-0.1306
				,0.0427
				,0.9905
				,-0.1306
				,0.0427
				,0.9905
				,-0.1306
				,0.0427
				,0.9905
				,-0.1306
				,0.0427
				,0.9905
				,-0.8853
				,0.4604
				,-0.0649
				,-0.8853
				,0.4604
				,-0.0649
				,-0.8853
				,0.4604
				,-0.0649
				,-0.8853
				,0.4604
				,-0.0649
				,0.8413
				,-0.5364
				,0.0663
				,0.8413
				,-0.5364
				,0.0663
				,0.8413
				,-0.5364
				,0.0663
				,0.8413
				,-0.5364
				,0.0663
				,0.0305
				,0.1345
				,-0.9905
				,0.9949
				,-0.0388
				,0.0933
				,0.9949
				,-0.0388
				,0.0933
				,0.9949
				,-0.0388
				,0.0933
				,0.0283
				,-0.1344
				,0.9905
				,0.0283
				,-0.1344
				,0.9905
				,0.044
				,-0.9969
				,-0.0649
				,0.044
				,-0.9969
				,-0.0649
				,0.0439
				,0.9968
				,0.0664
			]
			,